ticket_no,customer_id,num_items_pawned,pawn_date,due_date,loan_amount,paid,total_loan,service_rate,service_charge,total_amount_due,status
ABCD-1234,111AAA,2,2020-01-12,2020-02-19,200,TRUE,410,0.15,61.5,471.5,Premature
GHIJ-4567,123BCS,1,2020-09-14,2020-10-14,400,TRUE,423,0.2,84.6,507.6,Renewed
MNOP-7891,123XYZ,5,2020-01-12,2020-02-12,450,FALSE,2283.75,0.15,342.56,2626.31,Renewed
QWER-3578,123FDF,2,2020-03-15,2020-03-28,650,TRUE,1331.5,0.15,199.73,1531.23,Expired
ASDF-1356,694TWT,1,2020-10-14,2020-11-02,1900,FALSE,2066.25,0.2,413.25,2479.5,Premature
